﻿Genera,Ecomorph,Sex,Color,pc1,pc2,pc3,Alone,number
Acidoproctus_hilli_F,Wing,Female,firebrick3,-0.072189484,0.128189878,0.054798198,yes,1
Acidoproctus_hilli_M,Wing,Male,firebrick3,-0.091578957,0.122121986,0.040112919,yes,2
Acidoproctus,Wing,Male,lightpink2,-0.014280804,0.090023827,-0.013196433,no,3
Alcedoecus_F,Head,Female,deepskyblue1,0.09009945,-0.037510136,0.06182458,yes,4
Alcedoecus_M,Head,Male,deepskyblue1,0.063989069,-0.029226135,0.072046356,yes,5
Alcedoffula,Generalist,Female,goldenrod2,-0.035333654,-0.033864632,-0.016903889,yes,6
Alcedoffula_M,Generalist,Male,goldenrod2,-0.004043091,-0.01897373,0.011735081,yes,7
Anaticola,Wing,Female,lightpink2,-0.150049469,0.015779398,0.016885845,no,8
Anatoecus_F,Head,Female,lightblue1,0.064991565,-0.045508119,0.068471902,no,9
Aquanirmus_F,Wing,Female,firebrick3,-0.025901992,-0.024945486,0.006656891,yes,10
Ardeicola,Wing,Female,firebrick3,-0.196233685,-0.018115343,0.004553869,yes,11
Auricotes_F,Body,Female,darkseagreen1,0.113960396,0.035820137,-0.005643275,no,12
Auricotes_M,Body,Male,darkseagreen1,0.125548057,0.031242773,0.015038729,no,13
Austrogonoides_F,Body,Female,seagreen3,0.120487099,0.048653236,-0.018685477,yes,14
Austrogonoides_M,Body,Male,seagreen3,0.12039846,0.058608891,-0.059835159,yes,15
Austrophilopterus,Head,Male,deepskyblue1,-0.054285115,-0.048882149,-0.009004663,yes,16
Bothriometopus_F,Body,Female,seagreen3,0.081744589,0.046647215,-0.026035205,yes,17
Bothriometopus_M,Body,Male,seagreen3,0.075209147,0.06240483,-0.020559295,yes,18
Guimaraesiella,Generalist,Female,lemonchiffon2,0.089923047,-0.055495578,0.014101437,no,19
Campanulotes,Body,Female,darkseagreen1,0.067092019,0.036437001,-0.017201742,no,20
Chelopistes,Body,Female,darkseagreen1,0.128628686,0.00111349,-0.006714299,no,21
Clayiella_F,Head,Female,lightblue1,0.047857452,-0.044082608,0.071490007,no,22
Clayiella_M,Head,Male,lightblue1,0.038060307,-0.056767926,0.060715451,no,23
Colilipeurus_F,Generalist,Female,goldenrod2,-0.03178581,0.033738883,0.055506684,yes,24
Colinicola_F,Generalist,Female,lemonchiffon2,0.055474819,0.068070053,0.080905197,no,25
Colinicola_M,Generalist,Male,lemonchiffon2,0.113372816,0.113972013,0.129451369,no,26
Coloceras_F,Body,Male,darkseagreen1,0.249132171,0.026553107,-0.012549414,no,27
Columbicola,Wing,Female,lightpink2,-0.286706526,0.015071598,-0.05913554,no,28
Craspedonirmus,Generalist,Female,goldenrod2,0.065163525,-0.030692243,-0.017376559,yes,29
Craspedorrhynchus,Head,Female,lightblue1,0.005167987,-0.119182727,-0.019096315,no,30
Cucoloecus_F,Head,Female,lightblue1,0.084199818,-0.022532059,0.065725228,no,31
Cuculoecus,Head,Male,lightblue1,-0.006516886,-0.04733588,0.027982851,no,32
Dahlemhornia,Generalist,Female,goldenrod2,-0.116269459,0.004020306,-0.043349023,yes,33
Degeeriella,Generalist,Female,goldenrod2,-0.062088818,0.011343208,0.038004525,yes,34
Docophoroides,Head,Male,lightblue1,0.159416359,-0.019009655,-0.01585144,no,35
Epicolinus_F,Wing,Female,lightpink2,-0.175284802,0.023697232,-0.008633268,no,36
Epicolinus_M,Wing,Male,lightpink2,-0.115978111,0.082307097,-0.028376958,no,37
Esthiopterum_F,Wing,Female,lightpink2,-0.013393008,0.034578291,0.020751421,no,38
Esthiopterum_M,Wing,Male,lightpink2,-0.035705092,0.056618208,-0.008324618,no,39
Forficuloecus_F,Head,Female,lightblue1,-0.034079824,-0.072883099,0.007723194,no,40
Forficuloecus_M,Head,Male,lightblue1,-0.005974118,-0.101617163,0.018013821,no,41
Fulicoffula_F,Wing,Female,lightpink2,-0.207725041,-0.003432354,0.008197618,no,42
Fulicoffula_M,Wing,Male,lightpink2,-0.186334589,0.025270664,-0.049442564,no,43
Goniodes,Body,Male,darkseagreen1,0.083600335,0.008956226,-0.054365712,no,44
Goniodes_sp_F,Body,Female,darkseagreen1,0.153244956,0.053569148,0.046678997,no,45
Goniodes_sp_M,Body,Male,darkseagreen1,0.122825958,0.062908334,0.028395735,no,46
Halipeurus,Wing,Female,lightpink2,-0.24242815,-0.026406822,-0.006340329,no,47
Heptapsogaster_F,Body,Female,darkseagreen1,0.111070802,-0.001550168,-0.108139931,no,48
Heptapsogaster_M,Body,Male,darkseagreen1,0.129777627,0.007498244,-0.134404296,no,49
Ibidoecus,Head,Male,lightblue1,-0.013705655,-0.060306589,-0.001686058,no,50
Incidifrons_F,Head,Female,lightblue1,0.050429008,-0.069457452,0.040490083,no,51
Incidifrons_M,Head,Male,lightblue1,0.026120019,-0.059298578,0.065481104,no,52
Kelloggia_F,Body,Female,darkseagreen1,0.027021597,0.041637354,0.045875089,no,53
Lipeurus,Wing,Female,lightpink2,-0.120058443,0.015629146,0.030220878,no,54
Megaginus,Head,Female,lightblue1,0.191193544,-0.055138033,0.002733601,no,55
Meropoecus,Head,Male,lightblue1,0.142954998,-0.029029044,0.041299064,no,56
Meropsiella_F,Generalist,Female,lemonchiffon2,-0.088520747,-0.074554944,-0.066046918,no,57
Mulcticola_F,Wing,Female,firebrick3,-0.026549602,0.012926451,-0.008037889,yes,58
Neopsittaconirmus,Wing,Male,lightpink2,-0.108392397,0.038102033,0.027673708,no,59
Osculotes,Body,Female,darkseagreen1,0.256781766,-0.024457482,-0.098945232,no,60
Reticulipeurus_F,Wing,Female,lightpink2,-0.110322055,0.077536441,-0.022562561,no,61
Reticulipeurus_M,Wing,Male,lightpink2,-0.13091024,0.080220341,-0.05626422,no,62
Pectinopygus,Wing,Male,firebrick3,-0.010438216,0.048297426,-0.069674599,yes,63
Penenirmus_F,Head,Female,lightblue1,-0.011561211,-0.057986868,0.005306176,no,64
Penenirmus_M,Head,Male,lightblue1,-0.020997781,-0.043878097,-0.007387926,no,65
Pessoaiella_F,Generalist,Female,lemonchiffon2,-0.145467956,-0.04555206,-0.074852941,no,66
Philopterus,Head,Female,lightblue1,0.103953004,-0.049661757,0.047183362,no,67
Physconelloides_F,Body,Female,darkseagreen1,0.165484538,-0.005251518,-0.052111997,no,68
Physconelloides_M,Body,Male,darkseagreen1,0.177639684,0.01738519,-0.044651382,no,69
Picicola_F,Generalist,Female,lemonchiffon2,-0.045280513,0.013980452,0.05740348,no,70
Picicola_M,Generalist,Male,lemonchiffon2,-0.051243454,0.03620464,0.066851902,no,71
Pseudolipeurus,Wing,Female,lightpink2,-0.09311838,0.010569231,-0.036760234,no,72
Psittoecus_M,Body,Male,darkseagreen1,0.141317009,0.018216354,-0.039976819,no,73
Quadraceps,Generalist,Male,lemonchiffon2,-0.034061331,-0.026127797,0.018590957,no,74
Rallicola_F,Generalist,Female,goldenrod2,0.037839552,-0.016094933,-0.012644391,yes,75
Rallicola_M,Generalist,Male,goldenrod2,0.047079777,-0.010669251,-0.040448753,yes,76
Saemundssonia,Head,Male,lightblue1,0.000712245,-0.072360066,0.015382637,no,77
Splendoroffula_F,Wing,Female,firebrick3,-0.183839333,-0.018645789,-0.003228745,yes,78
Splendoroffula_M,Wing,Male,firebrick3,-0.18551367,0.016140092,-0.012024286,yes,79
Strongylocotes_F,Body,Female,darkseagreen1,0.057951633,0.012723047,-0.065634489,no,80
Strongylocotes_M,Body,Male,darkseagreen1,0.039524868,0.032483019,-0.081193799,no,81
Sturnidoecus,Head,Female,lightblue1,-0.018501312,-0.07949502,-0.013406058,no,82
Tinamotaecola_F,Generalist,Female,lemonchiffon2,-0.000893386,0.025226981,0.014420416,no,83
Tinamotaecola_M,Generalist,Male,lemonchiffon2,-0.010056992,0.039091212,0.022598511,no,84
Turnicolla_F,Wing,Female,firebrick3,-0.200050605,-0.055111865,-0.008561798,yes,85
Turnicolla_M,Wing,Male,firebrick3,-0.185770106,-0.035081413,0.022800479,yes,86
Vernoniella_F,Generalist,Female,goldenrod2,-0.046949689,-0.052608119,0.010614004,yes,87
Vernoniella_M,Generalist,Male,goldenrod2,-0.020070199,-0.042803995,0.014573138,yes,88