{"chunk_definitions":[{"row":83,"row_count":1,"visible":true,"expansion_state":0,"options":{"engine":"r","results":"hide","label":"unnamed-chunk-21"},"document_id":"3F3E5FDE","chunk_id":"cfy7i1sfkmpxi","chunk_label":"unnamed-chunk-4"},{"row":101,"row_count":1,"visible":true,"expansion_state":0,"options":{"engine":"r","label":"unnamed-chunk-22"},"document_id":"3F3E5FDE","chunk_id":"cbv8asuygysbw","chunk_label":"unnamed-chunk-5"},{"row":227,"row_count":1,"visible":true,"expansion_state":0,"options":{"engine":"r","results":"hide","label":"unnamed-chunk-7"},"document_id":"3F3E5FDE","chunk_id":"cgio4uhw26vgg","chunk_label":"unnamed-chunk-10"},{"row":247,"row_count":1,"visible":true,"expansion_state":0,"options":{"engine":"r","label":"unnamed-chunk-5"},"document_id":"3F3E5FDE","chunk_id":"c7287gebuy1wg","chunk_label":"unnamed-chunk-11"}],"doc_write_time":1674331521,"chunk_rendered_width":400}