﻿label,Genera,Ecomorph,Sex,Color,pc1,pc2,pc3,Alone,EcoAlone
1,Auricotes_F,Body,Female,darkseagreen1,0.113960396,0.035820137,-0.005643275,Cohabiting,Body_Cohabiting
2,Auricotes_M,Body,Male,darkseagreen1,0.125548057,0.031242773,0.015038729,Cohabiting,Body_Cohabiting
3,Austrogonoides_F,Body,Female,seagreen3,0.120487099,0.048653236,-0.018685477,alone,Body_alone
4,Austrogonoides_M,Body,Male,seagreen3,0.12039846,0.058608891,-0.059835159,alone,Body_alone
5,Bothriometopus_F,Body,Female,seagreen3,0.081744589,0.046647215,-0.026035205,alone,Body_alone
6,Bothriometopus_M,Body,Male,seagreen3,0.075209147,0.06240483,-0.020559295,alone,Body_alone
7,Campanulotes,Body,Female,darkseagreen1,0.067092019,0.036437001,-0.017201742,Cohabiting,Body_Cohabiting
8,Chelopistes,Body,Female,darkseagreen1,0.128628686,0.00111349,-0.006714299,Cohabiting,Body_Cohabiting
9,Coloceras_F,Body,Male,darkseagreen1,0.249132171,0.026553107,-0.012549414,Cohabiting,Body_Cohabiting
10,Goniodes_sp_F,Body,Female,darkseagreen1,0.153244956,0.053569148,0.046678997,Cohabiting,Body_Cohabiting
11,Goniodes_sp_M,Body,Male,darkseagreen1,0.122825958,0.062908334,0.028395735,Cohabiting,Body_Cohabiting
12,Goniodes,Body,Male,darkseagreen1,0.083600335,0.008956226,-0.054365712,Cohabiting,Body_Cohabiting
13,Heptapsogaster_F,Body,Female,darkseagreen1,0.111070802,-0.001550168,-0.108139931,Cohabiting,Body_Cohabiting
14,Heptapsogaster_M,Body,Male,darkseagreen1,0.129777627,0.007498244,-0.134404296,Cohabiting,Body_Cohabiting
15,Kelloggia_F,Body,Female,darkseagreen1,0.027021597,0.041637354,0.045875089,Cohabiting,Body_Cohabiting
16,Osculotes,Body,Female,darkseagreen1,0.256781766,-0.024457482,-0.098945232,Cohabiting,Body_Cohabiting
17,Physconelloides_F,Body,Female,darkseagreen1,0.165484538,-0.005251518,-0.052111997,Cohabiting,Body_Cohabiting
18,Physconelloides_M,Body,Male,darkseagreen1,0.177639684,0.01738519,-0.044651382,Cohabiting,Body_Cohabiting
19,Psittoecus_M,Body,Male,darkseagreen1,0.141317009,0.018216354,-0.039976819,Cohabiting,Body_Cohabiting
20,Strongylocotes_F,Body,Female,darkseagreen1,0.057951633,0.012723047,-0.065634489,Cohabiting,Body_Cohabiting
21,Strongylocotes_M,Body,Male,darkseagreen1,0.039524868,0.032483019,-0.081193799,Cohabiting,Body_Cohabiting
22,Alcedoffula,Generalist,Female,goldenrod2,-0.035333654,-0.033864632,-0.016903889,alone,Generalist_alone
23,Alcedoffula_M,Generalist,Male,goldenrod2,-0.004043091,-0.01897373,0.011735081,alone,Generalist_alone
24,Brueelia,Generalist,Female,lemonchiffon2,0.089923047,-0.055495578,0.014101437,Cohabiting,Generalist_Cohabiting
25,Colilipeurus_F,Generalist,Female,goldenrod2,-0.03178581,0.033738883,0.055506684,alone,Generalist_alone
26,Colinicola_F,Generalist,Female,lemonchiffon2,0.055474819,0.068070053,0.080905197,Cohabiting,Generalist_Cohabiting
27,Colinicola_M,Generalist,Male,lemonchiffon2,0.113372816,0.113972013,0.129451369,Cohabiting,Generalist_Cohabiting
28,Craspedonirmus,Generalist,Female,goldenrod2,0.065163525,-0.030692243,-0.017376559,alone,Generalist_alone
29,Dahlemhornia,Generalist,Female,goldenrod2,-0.116269459,0.004020306,-0.043349023,alone,Generalist_alone
30,Degeeriella,Generalist,Female,goldenrod2,-0.062088818,0.011343208,0.038004525,alone,Generalist_alone
31,Meropsiella_F,Generalist,Female,lemonchiffon2,-0.088520747,-0.074554944,-0.066046918,Cohabiting,Generalist_Cohabiting
32,Pessoaiella_F,Generalist,Female,lemonchiffon2,-0.145467956,-0.04555206,-0.074852941,Cohabiting,Generalist_Cohabiting
33,Picicola_F,Generalist,Female,lemonchiffon2,-0.045280513,0.013980452,0.05740348,Cohabiting,Generalist_Cohabiting
34,Picicola_M,Generalist,Male,lemonchiffon2,-0.051243454,0.03620464,0.066851902,Cohabiting,Generalist_Cohabiting
35,Quadraceps,Generalist,Male,lemonchiffon2,-0.034061331,-0.026127797,0.018590957,Cohabiting,Generalist_Cohabiting
36,Rallicola_F,Generalist,Female,goldenrod2,0.037839552,-0.016094933,-0.012644391,alone,Generalist_alone
37,Rallicola_M,Generalist,Male,goldenrod2,0.047079777,-0.010669251,-0.040448753,alone,Generalist_alone
38,Tinamotaecola_F,Generalist,Female,lemonchiffon2,-0.000893386,0.025226981,0.014420416,Cohabiting,Generalist_Cohabiting
39,Tinamotaecola_M,Generalist,Male,lemonchiffon2,-0.010056992,0.039091212,0.022598511,Cohabiting,Generalist_Cohabiting
40,Vernoniella_F,Generalist,Female,goldenrod2,-0.046949689,-0.052608119,0.010614004,alone,Generalist_alone
41,Vernoniella_M,Generalist,Male,goldenrod2,-0.020070199,-0.042803995,0.014573138,alone,Generalist_alone
42,Alcedoecus_F,Head,Female,deepskyblue1,0.09009945,-0.037510136,0.06182458,alone,Head_alone
43,Alcedoecus_M,Head,Male,deepskyblue1,0.063989069,-0.029226135,0.072046356,alone,Head_alone
44,Anatoecus_F,Head,Female,lightblue1,0.064991565,-0.045508119,0.068471902,Cohabiting,Head_Cohabiting
45,Austrophilopterus,Head,Male,deepskyblue1,-0.054285115,-0.048882149,-0.009004663,alone,Head_alone
46,Clayiella_F,Head,Female,lightblue1,0.047857452,-0.044082608,0.071490007,Cohabiting,Head_Cohabiting
47,Clayiella_M,Head,Male,lightblue1,0.038060307,-0.056767926,0.060715451,Cohabiting,Head_Cohabiting
48,Craspedorrhynchus,Head,Female,lightblue1,0.005167987,-0.119182727,-0.019096315,Cohabiting,Head_Cohabiting
49,Cucoloecus_F,Head,Female,lightblue1,0.084199818,-0.022532059,0.065725228,Cohabiting,Head_Cohabiting
50,Cuculoecus,Head,Male,lightblue1,-0.006516886,-0.04733588,0.027982851,Cohabiting,Head_Cohabiting
51,Docophoroides,Head,Male,lightblue1,0.159416359,-0.019009655,-0.01585144,Cohabiting,Head_Cohabiting
52,Forficuloecus_F,Head,Female,lightblue1,-0.034079824,-0.072883099,0.007723194,Cohabiting,Head_Cohabiting
53,Forficuloecus_M,Head,Male,lightblue1,-0.005974118,-0.101617163,0.018013821,Cohabiting,Head_Cohabiting
54,Ibidoecus,Head,Male,lightblue1,-0.013705655,-0.060306589,-0.001686058,Cohabiting,Head_Cohabiting
55,Incidifrons_F,Head,Female,lightblue1,0.050429008,-0.069457452,0.040490083,Cohabiting,Head_Cohabiting
56,Incidifrons_M,Head,Male,lightblue1,0.026120019,-0.059298578,0.065481104,Cohabiting,Head_Cohabiting
57,Megaginus,Head,Female,lightblue1,0.191193544,-0.055138033,0.002733601,Cohabiting,Head_Cohabiting
58,Meropoecus,Head,Male,lightblue1,0.142954998,-0.029029044,0.041299064,Cohabiting,Head_Cohabiting
59,Penenirmus_F,Head,Female,lightblue1,-0.011561211,-0.057986868,0.005306176,Cohabiting,Head_Cohabiting
60,Penenirmus_M,Head,Male,lightblue1,-0.020997781,-0.043878097,-0.007387926,Cohabiting,Head_Cohabiting
61,Philopterus,Head,Female,lightblue1,0.103953004,-0.049661757,0.047183362,Cohabiting,Head_Cohabiting
62,Saemundssonia,Head,Male,lightblue1,0.000712245,-0.072360066,0.015382637,Cohabiting,Head_Cohabiting
63,Sturnidoecus,Head,Female,lightblue1,-0.018501312,-0.07949502,-0.013406058,Cohabiting,Head_Cohabiting
64,Acidoproctus_hilli_F,Wing,Female,firebrick3,-0.072189484,0.128189878,0.054798198,alone,Wing_alone
65,Acidoproctus_hilli_M,Wing,Male,firebrick3,-0.091578957,0.122121986,0.040112919,alone,Wing_alone
66,Acidoproctus,Wing,Male,lightpink2,-0.014280804,0.090023827,-0.013196433,Cohabiting,Wing_Cohabiting
67,Anaticola,Wing,Female,lightpink2,-0.150049469,0.015779398,0.016885845,Cohabiting,Wing_Cohabiting
68,Aquanirmus_F,Wing,Female,firebrick3,-0.025901992,-0.024945486,0.006656891,alone,Wing_alone
69,Ardeicola,Wing,Female,firebrick3,-0.196233685,-0.018115343,0.004553869,alone,Wing_alone
70,Columbicola,Wing,Female,lightpink2,-0.286706526,0.015071598,-0.05913554,Cohabiting,Wing_Cohabiting
71,Epicolinus_F,Wing,Female,lightpink2,-0.175284802,0.023697232,-0.008633268,Cohabiting,Wing_Cohabiting
72,Epicolinus_M,Wing,Male,lightpink2,-0.115978111,0.082307097,-0.028376958,Cohabiting,Wing_Cohabiting
73,Esthiopterum_F,Wing,Female,lightpink2,-0.013393008,0.034578291,0.020751421,Cohabiting,Wing_Cohabiting
74,Esthiopterum_M,Wing,Male,lightpink2,-0.035705092,0.056618208,-0.008324618,Cohabiting,Wing_Cohabiting
75,Fulicoffula_F,Wing,Female,lightpink2,-0.207725041,-0.003432354,0.008197618,Cohabiting,Wing_Cohabiting
76,Fulicoffula_M,Wing,Male,lightpink2,-0.186334589,0.025270664,-0.049442564,Cohabiting,Wing_Cohabiting
77,Halipeurus,Wing,Female,lightpink2,-0.24242815,-0.026406822,-0.006340329,Cohabiting,Wing_Cohabiting
78,Lipeurus,Wing,Female,lightpink2,-0.120058443,0.015629146,0.030220878,Cohabiting,Wing_Cohabiting
79,Mulcticola_F,Wing,Female,firebrick3,-0.026549602,0.012926451,-0.008037889,alone,Wing_alone
80,Neopsittaconirmus,Wing,Male,lightpink2,-0.108392397,0.038102033,0.027673708,Cohabiting,Wing_Cohabiting
81,Oxylipeurus_F,Wing,Female,lightpink2,-0.110322055,0.077536441,-0.022562561,Cohabiting,Wing_Cohabiting
82,Oxylipeurus_M,Wing,Male,lightpink2,-0.13091024,0.080220341,-0.05626422,Cohabiting,Wing_Cohabiting
83,Pectinopygus,Wing,Male,firebrick3,-0.010438216,0.048297426,-0.069674599,alone,Wing_alone
84,Pseudolipeurus,Wing,Female,lightpink2,-0.09311838,0.010569231,-0.036760234,Cohabiting,Wing_Cohabiting
85,Splendoroffula_F,Wing,Female,firebrick3,-0.183839333,-0.018645789,-0.003228745,alone,Wing_alone
86,Splendoroffula_M,Wing,Male,firebrick3,-0.18551367,0.016140092,-0.012024286,alone,Wing_alone
87,Turnicolla_F,Wing,Female,firebrick3,-0.200050605,-0.055111865,-0.008561798,alone,Wing_alone
88,Turnicolla_M,Wing,Male,firebrick3,-0.185770106,-0.035081413,0.022800479,alone,Wing_alone